from,likes,name
homeschoollunchtime,null,lynn9823
bento_box_lunches,null,sunshine_and_sandwiches
foodfitforkids,null,fauxmoccs
bento_box_lunches,null,tiffaneyfrancis1969
lunch_ideasforkids,null,malunchboxdujour
the_greedy_ginger,null,sophiedel_
bentolunchboxmums,null,daddy.boss
es_lunchbox,null,angpal30
bentolunchboxmums,null,jaanu_._cute
pickyhealthylunchbox,null,lunches_by_lindsay
pickyhealthylunchbox,null,amber.710
pascalestable,null,foodie_renee
foodfitforkids,1 like,ashasuperfoods
pascalestable,2 likes,shelliemgarcia
bentolunchboxmums,1 like,doubletakebox
pascalestable,null,ginger_andreea
bentoboxforkids,1 like,tinyspoon_berlin
yummy_umami,1 like,astronomicaliens
lunch_ideasforkids,null,theheatonfam
foodfitforkids,null,terese_sheridan
bentoboxforkids,2 likes,lunchboxfairy
yummy_umami,1 like,visualsnub
cleaneatmagz,null,mxwer_m
bentoboxforkids,null,_julamey_
kids_food_inspo,null,meltansl
homeschoollunchtime,null,gezelligerecepten
bentolunchboxmums,null,_r.rusik_
bento_lunch_uk,1 like,littlelunchboxes2
bento_box_lunches,1 like,gabriela_sicoe
bentoboxforkids,1 like,hollandsdh
pascalestable,null,yu.nakano
kids_food_inspo,1 like,vee_mikhael
foodfitforkids,1 like,karenutrilicious
foodfitforkids,null,pintarkids
bento_lunch_uk,2 likes,precious_bentos
moniquecormacknutrition,null,mon_maas
bento_lunch_uk,2 likes,lunchesoffun
bento_lunch_uk,1 like,thatlunchboxmom
lunch_ideasforkids,null,mellowtraumatic
es_lunchbox,1 like,shelf_cabinet_and_a_lunchbox
homeschoollunchtime,null,foodie_swad
bentolunchboxmums,null,jinu_m.p
moniquecormacknutrition,null,pennyroseevent
pickyhealthylunchbox,1 like,kesuuyo_shiyaha
moniquecormacknutrition,null,khaki_bisma
lunch_ideasforkids,null,kidscantwaitforlunch
foodfitforkids,null,themamamaven
lunch_ideasforkids,1 like,jbtthechef
familyhomecook,null,katetallulah.t
bentoboxforkids,null,zetsem.ber
brookes_fun_bento,null,priestertiara
pickyhealthylunchbox,null,teukoapp
the_greedy_ginger,1 like,adsweetcake
es_lunchbox,1 like,the.lunchboxmama
bentolunchboxmums,2 likes,elyceandthewild3
bentolunchboxmums,1 like,lotto7209
bento_box_lunches,null,kairafullah
bento_lunch_uk,1 like,harapekokids_kyaraben
bento_box_lunches,1 like,thebacontarian
lunch_ideasforkids,2 likes,lunchboxmamma2
lunch_ideasforkids,null,fridaslunches
the_greedy_ginger,null,jon_jt_tanner
bento_box_lunches,null,claire_myers
pickyhealthylunchbox,null,brotboxer
bento_box_lunches,null,mielyaji
pickyhealthylunchbox,null,_pravanika_
homeschoollunchtime,null,3_2_1bee
pickyhealthylunchbox,null,feeding_booosethseth
bentoboxforkids,null,kristina.runs.li
yummy_umami,null,lexbri_
lunch_ideasforkids,2 likes,health_nut_raw
kids_food_inspo,null,ancois_winsauer
lunch_ideasforkids,null,ohfitness_614
yummy_umami,1 like,vanishingmoon
cleaneatmagz,null,eat4life.ao
es_lunchbox,2 likes,november_binschen
bentolunchboxmums,2 likes,superoffertedelgiorno
bento_box_lunches,null,beau.tiff.ul_vsgjourney
bentolunchboxmums,null,auds_is_kewl
the_greedy_ginger,1 like,edinburgh_foodies
bentoboxforkids,null,ina.krug
bentoboxforkids,null,fanda
es_lunchbox,2 likes,diaan_janu_mundell
es_lunchbox,1 like,weanwithwilliam
cleaneatmagz,null,shell8427
bentoboxforkids,1 like,ester.kocht
kids_food_inspo,null,lylahsin
moniquecormacknutrition,null,martinamaroky
familyhomecook,null,helenalchapman
cleaneatmagz,null,annaverra1
es_lunchbox,null,maria_chetara
cleaneatmagz,2 likes,hairby_lingg_
yummy_umami,null,c.villy
bento_box_lunches,null,momofpjc
moniquecormacknutrition,1 like,ari_desiero
pickyhealthylunchbox,null,dmhyr
pascalestable,null,momoshares
cleaneatmagz,null,dee_macee
bento_lunch_uk,2 likes,noahs.nibbles
es_lunchbox,null,rosie.lawlor
es_lunchbox,null,what.jess.loves
yummy_umami,1 like,tekno808
bento_box_lunches,null,riojasdiana1
kids_food_inspo,null,oceanfrozen
bentoboxforkids,1 like,antje_hellmann
moniquecormacknutrition,null,jtoya_
bento_box_lunches,1 like,my_brightlife
lunch_ideasforkids,null,lunchbox.mom.jaclyn
cleaneatmagz,null,melanieee_5
bento_lunch_uk,2 likes,feed.the.munchkins
bentolunchboxmums,2 likes,mirko.oscardia
moniquecormacknutrition,null,xquisite_love
homeschoollunchtime,null,healthyfunlilikiwi
cleaneatmagz,null,staycommittedtoyourhealth
homeschoollunchtime,null,gastronomybyjonathan
brookes_fun_bento,1 like,penelopesdelightz
foodfitforkids,null,kitchentableapp
yummy_umami,1 like,ryan5derson
bentolunchboxmums,null,teigsioramo
es_lunchbox,2 likes,april_mortonerty
kids_food_inspo,null,lelly_924
pickyhealthylunchbox,null,heather_d_1986
kids_food_inspo,null,francesaura
bentoboxforkids,null,seaj35
es_lunchbox,null,salzpfeffercatering
kids_food_inspo,null,r0i
bentoboxforkids,null,eman332010
foodfitforkids,null,ocean_ranch
bentoboxforkids,2 likes,iamgrayling
moniquecormacknutrition,null,geneafertility
the_greedy_ginger,1 like,eatasaladkaren
the_greedy_ginger,null,jessi_hanna
bentoboxforkids,null,cake.lifee
familyhomecook,1 like,madame_ldn
lunch_ideasforkids,null,raghavenderanugalu
kids_food_inspo,null,tamrasanford
yummy_umami,null,waveywaves_
bento_box_lunches,null,lllccc.96
bentoboxforkids,2 likes,flytottravel
pickyhealthylunchbox,null,jennmeans
lunch_ideasforkids,null,acpants
lunch_ideasforkids,1 like,toddlereatcheats
kids_food_inspo,1 like,khadijakhadija3630
pascalestable,2 likes,raw_flatlays
yummy_umami,null,san.tluu
moniquecormacknutrition,null,rosemody2019
lunch_ideasforkids,null,lunch_obsessed
bentolunchboxmums,null,fazz1027
es_lunchbox,null,jessicaregistro
es_lunchbox,1 like,themommytrek
lunch_ideasforkids,null,leoniecreative
kids_food_inspo,null,kabiklm
brookes_fun_bento,1 like,ilovelunches
cleaneatmagz,1 like,kitchen_q_een
pascalestable,1 like,sanchafterlife
bento_box_lunches,null,harwood.hannah
cleaneatmagz,1 like,kamloopsstorm_official
moniquecormacknutrition,null,cillarivas
yummy_umami,null,ajaroftea
yummy_umami,null,angelixtram
brookes_fun_bento,null,aussiemamanatasha
pascalestable,1 like,hikagemh
bentoboxforkids,2 likes,foodstylist_happykids
bento_lunch_uk,1 like,dailybread369
bento_lunch_uk,2 likes,mum_jellycatsandme
bentolunchboxmums,2 likes,sarahkonnecke86
lunch_ideasforkids,1 like,ayellowpencil
pascalestable,2 likes,itsalessandramignardi
bento_box_lunches,null,allison.branch.904
the_greedy_ginger,1 like,carriecooksbest
foodfitforkids,null,vegantravelista
kids_food_inspo,null,gastronomi_diyari
brookes_fun_bento,2 likes,misplaced_bakes
foodfitforkids,null,mairelys.rodriguez.orthodontic
bento_box_lunches,null,selenatodd_
yummy_umami,null,un_tal_jota
bento_box_lunches,null,brittstrebbing
bentoboxforkids,1 like,nasch_zentrale
bento_box_lunches,null,silviamaritza21
cleaneatmagz,null,a_ivatianti
kids_food_inspo,null,vn0903
bentoboxforkids,null,marikasingh
bentolunchboxmums,1 like,lashfacemelbourne
pickyhealthylunchbox,null,lucy_lindley
pascalestable,null,goii_jewelry_studio
lunch_ideasforkids,2 likes,jonageorgrant
foodfitforkids,null,aidaknits
kids_food_inspo,1 like,funfoodforkidsrd
cleaneatmagz,null,mimiitalia1997
foodfitforkids,null,aloha_kora
bento_box_lunches,1 like,alimento_minibistro
brookes_fun_bento,null,lunch4lij
bentoboxforkids,null,noagarson
kids_food_inspo,null,eva_moiss
bento_lunch_uk,2 likes,mybento_aus
lunch_ideasforkids,null,kyliemareeb
brookes_fun_bento,null,madpakkemonster
lunch_ideasforkids,null,schoolsnackexpress
bentolunchboxmums,2 likes,mumma.lunch.inspo
lunch_ideasforkids,null,nashfiberarts
bentolunchboxmums,null,kgf_aryan_1
pascalestable,null,vegang_star
es_lunchbox,null,makinglittlelunches
kids_food_inspo,null,emwheelr
kids_food_inspo,null,linzm88
pickyhealthylunchbox,null,bon_food_ltd
cleaneatmagz,null,llaneschavely97
yummy_umami,null,enneagramhealthcoach
bentolunchboxmums,null,love_faith_hope009
bentoboxforkids,1 like,mom_n_r
kids_food_inspo,1 like,fun.food.and.little.fingers
brookes_fun_bento,2 likes,marshmallowmama.ca
cleaneatmagz,null,reine_akeinahs
bento_box_lunches,null,masmangos
es_lunchbox,1 like,wonderfulweaning
pickyhealthylunchbox,null,latiendita.panama
kids_food_inspo,1 like,happybashco
brookes_fun_bento,2 likes,picturebreakfast
bento_box_lunches,null,paypalazova
moniquecormacknutrition,null,itsmrslicausi
bentolunchboxmums,null,skuttlebug85
bento_box_lunches,null,honeybee_mermis_
pickyhealthylunchbox,null,heather_campbell4
the_greedy_ginger,1 like,jodesssssssss
homeschoollunchtime,null,ketohelpers793
the_greedy_ginger,1 like,swift.preserves
familyhomecook,null,marinahuman
homeschoollunchtime,null,jessieandjennashop
pickyhealthylunchbox,2 likes,tinatakeslunch
es_lunchbox,null,eatwithollieandgeorge
bento_lunch_uk,2 likes,allergyfree_bentoboxes
cleaneatmagz,null,hernancitosuarez78
familyhomecook,1 like,shasazl
lunch_ideasforkids,null,seaweedsupermarket
moniquecormacknutrition,null,d_y82
bento_lunch_uk,null,xoxo_coolpepper
bento_box_lunches,null,rawann.nk
pickyhealthylunchbox,null,the_lunchbox_lab
pickyhealthylunchbox,null,bampirechronicles
homeschoollunchtime,null,the_road_to_happiness
bentolunchboxmums,null,carlee_lawson_87
familyhomecook,1 like,pictobubs
brookes_fun_bento,null,stella.deighton
es_lunchbox,1 like,feedingfred_
bentolunchboxmums,1 like,fr_vialli
yummy_umami,null,wishycal
yummy_umami,null,clareface
pickyhealthylunchbox,null,iris.dijkman
homeschoollunchtime,null,haseena_lifestyle
moniquecormacknutrition,null,carlycoohps
moniquecormacknutrition,null,marissagalan
homeschoollunchtime,null,foods_lovers_9
es_lunchbox,null,allergy_eczema_mum
pascalestable,2 likes,nvhdnyly
moniquecormacknutrition,null,cochifu1
pascalestable,null,ij681824mk
cleaneatmagz,null,jipaaldelo
pickyhealthylunchbox,1 like,abumblingmum
the_greedy_ginger,1 like,tare7ight
foodfitforkids,null,truchocolatesnacks
the_greedy_ginger,null,damjana_
bento_box_lunches,null,carozad
kids_food_inspo,1 like,felipejaguar
brookes_fun_bento,2 likes,kai_and_lunches
pickyhealthylunchbox,null,rosie.stang
yummy_umami,null,sherileu
bento_box_lunches,null,chloerice678
bento_box_lunches,null,sanamoin.20
lunch_ideasforkids,null,mywish4u_notes
kids_food_inspo,1 like,eggsbenedict.ph
the_greedy_ginger,1 like,jennifer.rice15
cleaneatmagz,1 like,ilsofi_food
lunch_ideasforkids,1 like,boxedwithjoy
lunch_ideasforkids,2 likes,ma_ki813
es_lunchbox,1 like,mummy_and_jake_ideas_
homeschoollunchtime,null,puurproevers.nl
bento_box_lunches,null,mandhaz
bentoboxforkids,1 like,theveryhungrymummy
foodfitforkids,null,dona_abu
brookes_fun_bento,1 like,irisjones3514
bentoboxforkids,1 like,teina_kuhinjica
foodfitforkids,null,elevateyourlifeproject
pascalestable,2 likes,katapultadesign
bento_box_lunches,1 like,missmeylin
homeschoollunchtime,null,arborvalleyacademy
pickyhealthylunchbox,null,maxxdried
pickyhealthylunchbox,null,blue_the_bunny_1
the_greedy_ginger,1 like,puddini_caterers
homeschoollunchtime,null,mai.inojram
kids_food_inspo,null,saima_isk
bentoboxforkids,2 likes,liviansteinbeisser
lunch_ideasforkids,2 likes,mamamiasbento
lunch_ideasforkids,null,joanae_borges
foodfitforkids,null,laurenmartens95
es_lunchbox,1 like,natashanafrini
kids_food_inspo,1 like,ninae479
es_lunchbox,1 like,evelyns_lunchbox
bentoboxforkids,null,monikamaya2007
es_lunchbox,2 likes,scottish_bento
foodfitforkids,2 likes,pushplaycoach_
bentoboxforkids,1 like,laras.myers
foodfitforkids,null,babytotworld
bentolunchboxmums,null,baker_shay_
lunch_ideasforkids,null,cutefoodforkids
bentolunchboxmums,2 likes,il_pranzo_di_ciccio
lunch_ideasforkids,null,andrea__1111
homeschoollunchtime,null,foodievidualz
bento_lunch_uk,1 like,meaningfulmummylunches
kids_food_inspo,null,yasel.s.h
kids_food_inspo,1 like,neeelz
bentoboxforkids,null,iam_kathrin
homeschoollunchtime,null,anurbanfarmhouseco
bentoboxforkids,1 like,lancheiradoh
familyhomecook,null,pennyadaarewa
the_greedy_ginger,1 like,healthy_home_delights
brookes_fun_bento,1 like,everythingthismamaloves
bentolunchboxmums,1 like,_guadagnare_facile_
bentolunchboxmums,null,nickelsndymes
moniquecormacknutrition,null,gayeonler
lunch_ideasforkids,1 like,kidshealthylunchbox
homeschoollunchtime,null,rca_made
kids_food_inspo,1 like,vie.in.kitchen
homeschoollunchtime,null,bk.8576
pickyhealthylunchbox,null,obento_pic_
es_lunchbox,2 likes,eliza_betty_eats
moniquecormacknutrition,null,_merren
foodfitforkids,null,bsensibleus
homeschoollunchtime,null,mykideatsbetterthanyoudo
pascalestable,null,hungrytubs
bentoboxforkids,1 like,luoliveirah
bento_lunch_uk,1 like,shiva_1293
pickyhealthylunchbox,null,bunnybearbentobox
the_greedy_ginger,1 like,dishes_by_daniela
bento_box_lunches,null,bsassy
lunch_ideasforkids,null,mrsrokos
bento_box_lunches,null,young_mej
familyhomecook,null,minalpt7
bento_lunch_uk,1 like,cor_rodgers
pascalestable,2 likes,caho.grm
bento_box_lunches,null,314_sagittariustam
bento_box_lunches,null,hansstb
lunch_ideasforkids,null,ashleythaine19
es_lunchbox,null,sophie___fatale
bentolunchboxmums,1 like,es_lunchbox
foodfitforkids,null,laura_stratoudakis
bentolunchboxmums,null,teefee3
bento_box_lunches,null,fadiazavala
moniquecormacknutrition,1 like,dralisongee
kids_food_inspo,1 like,shx.lux
cleaneatmagz,null,ksllrs
lunch_ideasforkids,null,charzard21
lunch_ideasforkids,2 likes,little1lunchbox
homeschoollunchtime,null,homelearningcoach
kids_food_inspo,1 like,nukita.nu
brookes_fun_bento,null,christa0613
foodfitforkids,1 like,gailnicolas
bento_lunch_uk,1 like,floradddng
foodfitforkids,null,thehintofrosemary
bentoboxforkids,2 likes,abialvarado07
bentolunchboxmums,null,zoryoska
bentolunchboxmums,null,the_emmastanton
bento_lunch_uk,2 likes,bentobette
lunch_ideasforkids,1 like,panda_ayumi
pascalestable,2 likes,ijnek29
es_lunchbox,1 like,feedineden
lunch_ideasforkids,2 likes,qu33n_b_0f_3
bento_box_lunches,null,sel.856
bento_box_lunches,null,hjbecks
brookes_fun_bento,1 like,country.cookbook
homeschoollunchtime,null,c_mcnam
bentoboxforkids,2 likes,elf_sy
foodfitforkids,null,thecaptainllama
lunch_ideasforkids,1 like,mrskilby84
moniquecormacknutrition,1 like,onestore.kkd.id
cleaneatmagz,null,poojitha_karpurapu
lunch_ideasforkids,null,noah_zaine
bento_box_lunches,null,dsp_chows
pascalestable,2 likes,jnsn_dayo
pascalestable,2 likes,eliandpie
lunch_ideasforkids,null,gillybeansgrant
the_greedy_ginger,1 like,sbr.mz
the_greedy_ginger,1 like,cookerdoo
pascalestable,1 like,eggrolleats
bentolunchboxmums,null,winnyhayes
moniquecormacknutrition,null,majoryaniv
the_greedy_ginger,null,beccakirsten
bentolunchboxmums,2 likes,joaopaulosilvaoffice
bentoboxforkids,null,brittiemartens11
kids_food_inspo,null,jessijjay
homeschoollunchtime,1 like,zeezeegardens
kids_food_inspo,1 like,alchimia.alimentos
bentolunchboxmums,1 like,leo_stone_roses
es_lunchbox,1 like,kiddiefoodieadventures
bentoboxforkids,1 like,healthy.with.leila
bentolunchboxmums,null,jamiel31gh
bento_box_lunches,null,katieamontgomery
bento_box_lunches,null,krispshearz
es_lunchbox,null,soja.mary
cleaneatmagz,null,ladia456
bento_lunch_uk,1 like,julianaslunch
moniquecormacknutrition,1 like,_findingbella_
kids_food_inspo,1 like,abdo_u8615
brookes_fun_bento,2 likes,plantbased_lunchboxes_ideas
moniquecormacknutrition,null,emanschou
homeschoollunchtime,2 likes,t.aartje.b
pascalestable,2 likes,franidigital
cleaneatmagz,null,rodriguezgkathya
lunch_ideasforkids,2 likes,little_lunch_big_lunch
pickyhealthylunchbox,null,staci.boswell
bentolunchboxmums,2 likes,lilaslunchbox
moniquecormacknutrition,null,petasiobhan
the_greedy_ginger,1 like,pizzarova
cleaneatmagz,2 likes,99vanessarv
bentolunchboxmums,null,611sonia
bentoboxforkids,1 like,nathaliegleitman
kids_food_inspo,1 like,theworldisincolour
kids_food_inspo,1 like,katethedietitian
bentolunchboxmums,2 likes,dulcycocktails
bentolunchboxmums,2 likes,moto__riderz
brookes_fun_bento,2 likes,cookies___kitchen
cleaneatmagz,null,pamaoleary
lunch_ideasforkids,null,pinterest_mom_wannabe
foodfitforkids,null,jessica_hanlon_photography
pascalestable,1 like,guet_mii
bentolunchboxmums,null,leyrozay21
kids_food_inspo,null,priyankagoel21
lunch_ideasforkids,1 like,homecraftmumma
pickyhealthylunchbox,2 likes,ashle_b
brookes_fun_bento,2 likes,jagerbomb_jan
kids_food_inspo,null,wildhorses001
es_lunchbox,null,cateye23
the_greedy_ginger,1 like,sobobrownie
moniquecormacknutrition,null,rach.el.an.ne
kids_food_inspo,null,cookiegonzales
yummy_umami,null,hoangphuong_1594
lunch_ideasforkids,null,nillamraja
yummy_umami,null,fancythingsluluu
bento_lunch_uk,2 likes,kareemslunchbox
homeschoollunchtime,null,hojaldreriala
the_greedy_ginger,null,elspelswels
bentoboxforkids,null,meladione
es_lunchbox,1 like,naijacanadianbentomom
pascalestable,2 likes,seoheelike_insta
bento_box_lunches,null,the_plant_nerd
pickyhealthylunchbox,null,nibblish
yummy_umami,null,ndcz
pickyhealthylunchbox,null,lanameraldi
kids_food_inspo,1 like,happyplatesofnatalia
es_lunchbox,1 like,thehealthstatus
es_lunchbox,2 likes,mrs.elliott._
bentoboxforkids,null,chriz_da_
homeschoollunchtime,1 like,coasters_and_cloche
bentoboxforkids,1 like,manbol_1
pickyhealthylunchbox,1 like,belindapascucci
cleaneatmagz,null,nickypos__
lunch_ideasforkids,1 like,thelunchmomma
brookes_fun_bento,1 like,easymealsfortoddlers
brookes_fun_bento,null,alex.dornemann
bentoboxforkids,null,editzvideostar2020
lunch_ideasforkids,null,rasamakeslunch
bento_lunch_uk,1 like,cooking0everyday
lunch_ideasforkids,null,noleakbib
kids_food_inspo,1 like,annakacidigital
pascalestable,2 likes,choijin.a
moniquecormacknutrition,null,_munira23
homeschoollunchtime,null,shraskitchen_and_life
lunch_ideasforkids,null,schoolkids_lunchbox
pascalestable,2 likes,inoino.kitchen
bento_box_lunches,null,colddustgrl
foodfitforkids,null,wekabelka
bentolunchboxmums,null,izi.niko
bento_lunch_uk,2 likes,jonoslunchbox
es_lunchbox,null,zanders_eats
es_lunchbox,null,little_hungry_tummies
pickyhealthylunchbox,2 likes,joannedst
brookes_fun_bento,2 likes,tashan.foodz
the_greedy_ginger,null,bella_pilcher
es_lunchbox,null,flingo_webshop
the_greedy_ginger,1 like,ste_altmann
bentolunchboxmums,null,_jenbaker
lunch_ideasforkids,null,yourstrulycyn
bento_lunch_uk,2 likes,juliehomemaker
homeschoollunchtime,null,mr.foodieman
es_lunchbox,null,ycbmagazine
bentolunchboxmums,null,jaspers.lunchbox
moniquecormacknutrition,null,bellebarnes__
lunch_ideasforkids,2 likes,todo_lo_q_tus_peques_necesitan
kids_food_inspo,1 like,wondrousworkers
cleaneatmagz,null,jenny_alweiss
lunch_ideasforkids,1 like,taviasplate
bento_lunch_uk,1 like,iamclemenza
yummy_umami,1 like,radine.radz.dini
brookes_fun_bento,null,momo.coce
cleaneatmagz,null,brynfacey
bento_box_lunches,null,boxcakez
yummy_umami,null,elon_of_bad_ideas
es_lunchbox,1 like,zeldasdailydish
lunch_ideasforkids,null,janaeeenaee
bentolunchboxmums,1 like,remy.mum
brookes_fun_bento,1 like,_apples_and_bananas
bentoboxforkids,null,rainq8_8
bentolunchboxmums,1 like,thelunchboxdiaries
bentoboxforkids,2 likes,tinychanelchi
cleaneatmagz,null,delectableanddivine
bento_box_lunches,1 like,irena_gorovets
bentoboxforkids,null,megzla
familyhomecook,2 likes,hairbysarahpark
foodfitforkids,null,_cpsalinas
es_lunchbox,2 likes,mealsfor_ro_and_em
bentoboxforkids,1 like,_erh8
pickyhealthylunchbox,1 like,arte.foods
homeschoollunchtime,2 likes,larry_cascio
brookes_fun_bento,2 likes,slurpsseyplus
homeschoollunchtime,null,theasantesweaningjourney
pickyhealthylunchbox,null,bekyistryingtodiet
pickyhealthylunchbox,null,heyitskylalee
es_lunchbox,2 likes,kimberley_king
pascalestable,2 likes,thatryanlife
es_lunchbox,1 like,mysons_lunchbox
moniquecormacknutrition,null,autoimmunewarrior7
kids_food_inspo,null,jjjjanely
lunch_ideasforkids,null,kidsfunlunchbox
lunch_ideasforkids,null,__limited.edition.__
lunch_ideasforkids,1 like,snackandlunch
bento_box_lunches,null,_jenwoolly
the_greedy_ginger,1 like,_studenteats
pascalestable,null,fuu_u_
lunch_ideasforkids,2 likes,kiddiepinnie
bentolunchboxmums,null,cyydno
es_lunchbox,2 likes,lolas.kitchen_
bentoboxforkids,null,isabellab111
bento_lunch_uk,1 like,munchkinslunchkins
bentoboxforkids,1 like,brightbrands.ph
brookes_fun_bento,1 like,xoxo_pauli_10000
pickyhealthylunchbox,null,cassandra_cazzulino
lunch_ideasforkids,2 likes,pausenbrotjunkie
bentolunchboxmums,null,edengreen
lunch_ideasforkids,null,katie_lyn___
homeschoollunchtime,null,sarahharper071
cleaneatmagz,1 like,_evushja
brookes_fun_bento,null,sammy_j_xo
pickyhealthylunchbox,null,mycupkates
bentolunchboxmums,null,charlotte_performs
homeschoollunchtime,null,susan_paterson
lunch_ideasforkids,null,lunchbox4filip
kids_food_inspo,null,hasanbasic_rabic
pascalestable,1 like,tanpopoetsuko
lunch_ideasforkids,null,meggallant26
pickyhealthylunchbox,null,laura_dee_dee
bento_box_lunches,null,noura_mehlika
pascalestable,null,one_crafty_nana
bentolunchboxmums,1 like,joel_14_09
cleaneatmagz,null,mariuszverchea
cleaneatmagz,1 like,nktl_94
pickyhealthylunchbox,null,baking_life_a_little_sweeter
pickyhealthylunchbox,1 like,tomoko_california
es_lunchbox,null,beachouse.baby
homeschoollunchtime,null,geoxfoto
bento_box_lunches,null,lenuzzzza
familyhomecook,null,laura.cole.522
lunch_ideasforkids,null,ab.eatery
cleaneatmagz,null,inaya_fatiha
homeschoollunchtime,null,cmpa_with_william18
bento_box_lunches,null,buddingphotog
foodfitforkids,2 likes,comfortfoodvegan
the_greedy_ginger,1 like,zedfood1
foodfitforkids,null,hobocampmama222
lunch_ideasforkids,null,godzillabento
bento_box_lunches,null,superkitchy
cleaneatmagz,null,shabal619
pickyhealthylunchbox,null,bentobysoap
familyhomecook,null,sue_curly
the_greedy_ginger,1 like,eats.by.alicia
cleaneatmagz,null,_slikrick__
bentolunchboxmums,2 likes,bentolunchbox2020
foodfitforkids,null,lalalunchbox
bentoboxforkids,2 likes,keksbackstube
pascalestable,null,mi__92618
homeschoollunchtime,2 likes,mijnwegnaareengezondgewicht
moniquecormacknutrition,null,ashlayheather
homeschoollunchtime,null,foodieenough
moniquecormacknutrition,1 like,odd.13.media
lunch_ideasforkids,null,littlesproutsandme
lunch_ideasforkids,1 like,colorfull_bentos
brookes_fun_bento,2 likes,m.epcotia
bentoboxforkids,1 like,lunchbox_fox
bentolunchboxmums,2 likes,chetan_dewangan43
moniquecormacknutrition,1 like,katebange
lunch_ideasforkids,null,meetme_outdoors
bento_box_lunches,null,estherceca
lunch_ideasforkids,null,cospersfoodcreations
cleaneatmagz,null,leas.kitchen
bento_lunch_uk,1 like,oddsocksandasmellydog
lunch_ideasforkids,null,hemni_bentodiaries
bentolunchboxmums,null,matteo_corra_08
foodfitforkids,null,vegankidsmagazine
brookes_fun_bento,1 like,3jsbkaori.skyharuma
brookes_fun_bento,null,meggles429
yummy_umami,null,raquelnguyen
bento_box_lunches,null,_dez.elaine
es_lunchbox,2 likes,britishbento
lunch_ideasforkids,null,anahi_joplin
lunch_ideasforkids,2 likes,happyharelife
lunch_ideasforkids,2 likes,lunch_fun
bentoboxforkids,null,diarypoppy
cleaneatmagz,null,ramanaderhk
bento_lunch_uk,1 like,wake_and_bake_2020
es_lunchbox,null,shawtiyy
lunch_ideasforkids,null,preplunchlog
pickyhealthylunchbox,null,sfpeninsulamom
kids_food_inspo,1 like,hollieshobbysantaclara
bento_lunch_uk,1 like,so_yummy_in_tummy
brookes_fun_bento,null,dankeraudrey
es_lunchbox,null,once_upon_a_temperance
moniquecormacknutrition,null,araceli_bonilla2014
homeschoollunchtime,1 like,theswedecanadish
lunch_ideasforkids,null,teachers.helper.daycare
bento_box_lunches,null,aleidax3
cleaneatmagz,null,cristinaschwagerl
pickyhealthylunchbox,null,lovefoodwithjessica
bento_lunch_uk,2 likes,littlelunchylove
kids_food_inspo,1 like,maos_que_cozinham
pascalestable,1 like,sanaesama624
bento_box_lunches,null,sarannn194
es_lunchbox,1 like,dawn.and.eve
foodfitforkids,null,__bubu__01__
bentoboxforkids,2 likes,whitneyhodgin
pascalestable,null,yama443st
foodfitforkids,null,veganmomlifestyle
lunch_ideasforkids,null,k_tatyana_s
homeschoollunchtime,null,edibee_family_food
homeschoollunchtime,null,mayoneur
bento_lunch_uk,null,sandyofedinburgh
bento_box_lunches,null,saladdazee
es_lunchbox,1 like,onceuponabento
moniquecormacknutrition,null,beastcase_
yummy_umami,null,chip712
familyhomecook,null,stitchyjones
lunch_ideasforkids,1 like,ericarrodriguez
bento_box_lunches,null,zmsadri
lunch_ideasforkids,null,gnarlybritt17
es_lunchbox,1 like,lynseys_lunches
es_lunchbox,2 likes,oreonandme
pickyhealthylunchbox,null,nicolemcgimpsey
bento_box_lunches,2 likes,beautifulbeachbody
homeschoollunchtime,2 likes,dot_dot_go
the_greedy_ginger,null,liam_casey_bristol
kids_food_inspo,1 like,momentswithnico
bento_box_lunches,null,kmjh_24
pickyhealthylunchbox,null,t.o.m.a.t.o1209
yummy_umami,1 like,sergey_stinger
bentolunchboxmums,null,jen_d_fitandhappiness
the_greedy_ginger,null,nomzamomakhanya
brookes_fun_bento,2 likes,munchi_kids
lunch_ideasforkids,null,daniielle.statham
moniquecormacknutrition,null,sumathiwong
familyhomecook,null,netts_xx
the_greedy_ginger,null,eggleston5840
familyhomecook,2 likes,chef_adnan477
cleaneatmagz,null,exotic4934
pascalestable,1 like,danahn17
bento_lunch_uk,2 likes,badabing_badabento
moniquecormacknutrition,null,kimboslicemachine
es_lunchbox,null,x_kirsten_jade_x
bentolunchboxmums,1 like,myskyecreations
foodfitforkids,null,desiree_relearninglife
moniquecormacknutrition,null,ashleighrae29
es_lunchbox,null,mummy_2_romeo
pascalestable,2 likes,ikkakuju_shinmachi
the_greedy_ginger,null,emcam.25
bentolunchboxmums,null,lada.yam
homeschoollunchtime,null,littlewitchyhomeschool
cleaneatmagz,null,drarsh
brookes_fun_bento,null,mybento____diary
bento_box_lunches,null,wenx3
lunch_ideasforkids,null,malsliza
familyhomecook,null,liv_victoria
familyhomecook,null,dame_muffin
the_greedy_ginger,null,beccaiseating
pickyhealthylunchbox,2 likes,findmynz
es_lunchbox,1 like,_to_mar_ta_
kids_food_inspo,1 like,dev.profood_europe
bento_box_lunches,1 like,alisharicetattoo
kids_food_inspo,1 like,putremos
lunch_ideasforkids,null,jordo_mach
bentoboxforkids,2 likes,ketocookingmommy
kids_food_inspo,1 like,frugallifecraftywife
lunch_ideasforkids,null,nkuttyil
bento_lunch_uk,1 like,yourminimalproducts
moniquecormacknutrition,null,addymorrison91
yummy_umami,null,onetoughcookie22
yummy_umami,null,victoriahbrowne
brookes_fun_bento,2 likes,mythreelittlekittens
lunch_ideasforkids,null,kids.bentoboxes
bentolunchboxmums,null,oilsunlocked
cleaneatmagz,2 likes,vickyraaz1645
es_lunchbox,2 likes,taylorstuckshop
bentoboxforkids,null,f.colls
kids_food_inspo,null,hanybebe
bento_box_lunches,2 likes,the_slimanis21
the_greedy_ginger,1 like,louis_mendonca
kids_food_inspo,1 like,when_mama_is_a_recreation_ther
the_greedy_ginger,null,keelyz
bentolunchboxmums,null,atreyee_bhattacharjee
foodfitforkids,null,andresp522
bento_box_lunches,null,melmix21
bento_lunch_uk,1 like,kidzprep
bento_box_lunches,null,chueftle
lunch_ideasforkids,null,feedingtoddlers
familyhomecook,2 likes,dove_loves__
homeschoollunchtime,null,home_edpurplee
pickyhealthylunchbox,null,racheallee123
es_lunchbox,null,chloelgough
lunch_ideasforkids,null,abc_lunchies
es_lunchbox,2 likes,kaths_kitchen2020
homeschoollunchtime,null,bertaeatss
lunch_ideasforkids,null,lunchboxforlulu
es_lunchbox,null,ellenajjar
lunch_ideasforkids,null,kmkelly1991
pickyhealthylunchbox,2 likes,lazymixnz
bentoboxforkids,1 like,snow_blackish
pickyhealthylunchbox,null,negative_space_of_a_sandwich
cleaneatmagz,null,caranicolevisser
homeschoollunchtime,null,dilans_world_2020
lunch_ideasforkids,null,mammasmadpakker
bentolunchboxmums,1 like,_xabscondx_
bento_lunch_uk,1 like,lilliesluxuries
es_lunchbox,null,ele__castro
es_lunchbox,null,lady_carmelina
bentolunchboxmums,1 like,porfytel
pascalestable,2 likes,victorrsmn
brookes_fun_bento,null,syl.schmid
yummy_umami,1 like,sawanee99
homeschoollunchtime,null,rolandprudon
bentolunchboxmums,null,quincylobato
lunch_ideasforkids,null,candishes.kitchen
kids_food_inspo,null,amarisnyrene
lunch_ideasforkids,null,katedaysaweek
lunch_ideasforkids,null,imadethisbento
bentoboxforkids,1 like,noot.in.my.cheerios
pascalestable,2 likes,a_kitchen.love.story
bento_box_lunches,null,yyrz_ddnz
pascalestable,null,kazuyoshimayu
bentolunchboxmums,1 like,leonid_panasiuk
pascalestable,2 likes,thecolors.thing
yummy_umami,1 like,bodeganegracafe
foodfitforkids,2 likes,tammymarshmallow_food
kids_food_inspo,1 like,__nambo__
bentolunchboxmums,null,skye.malone.8
es_lunchbox,1 like,familylunchpack
bento_box_lunches,null,alexander.nolanj
homeschoollunchtime,null,cwbahomeschool
the_greedy_ginger,1 like,blueearthfoods
bentoboxforkids,1 like,_a.n_n.e_._
bentoboxforkids,2 likes,mangosandmayhem
cleaneatmagz,null,tgibbins33
bentoboxforkids,null,azuakarin
moniquecormacknutrition,1 like,jeetulilawat1
pickyhealthylunchbox,2 likes,ruko716
bentolunchboxmums,null,miracle_harris_
homeschoollunchtime,1 like,eat.with.nathan
lunch_ideasforkids,null,ceci_a2017
pascalestable,2 likes,gonmami15
bento_lunch_uk,null,berryblades
es_lunchbox,null,mbeneville
moniquecormacknutrition,null,thekatierobb
lunch_ideasforkids,null,bentolunchkidsonline
cleaneatmagz,null,shbnmkhn15
pickyhealthylunchbox,null,vivibet
es_lunchbox,null,lunchboxboaz
kids_food_inspo,null,ca.rusch
pickyhealthylunchbox,1 like,this_mum_makes
bentolunchboxmums,null,nurse_rat_schit_kel
foodfitforkids,null,femioniya
brookes_fun_bento,1 like,scorpion_wom82
bentoboxforkids,null,gomybridget
moniquecormacknutrition,null,_divperera
bento_box_lunches,null,army_07.de
pascalestable,null,deconstructionaction
familyhomecook,1 like,iliodysion
moniquecormacknutrition,null,nihonshokusake
bentoboxforkids,2 likes,holla.the.forest.fairy
brookes_fun_bento,null,lunchwithsebastian
lunch_ideasforkids,null,kayibobo
familyhomecook,null,carlyjay28
lunch_ideasforkids,null,wendossss
es_lunchbox,1 like,firstimeweaning
kids_food_inspo,null,samanchaudhry0
bentoboxforkids,1 like,verruecktemamawelt
es_lunchbox,1 like,grubsforbubs
bentolunchboxmums,null,mabianco8
familyhomecook,null,kirstyritas
bento_lunch_uk,1 like,feedingour3
lunch_ideasforkids,null,alhaiaf
lunch_ideasforkids,null,kingslunches
foodfitforkids,2 likes,nooramyismail
bentolunchboxmums,1 like,anabiya4521
the_greedy_ginger,1 like,bangerslondon
es_lunchbox,2 likes,funfit825
bentolunchboxmums,null,jess_vj
moniquecormacknutrition,null,talkswithtiss
bento_lunch_uk,2 likes,bousbento
cleaneatmagz,null,necolas300
bentoboxforkids,2 likes,pamelavjd
bento_lunch_uk,1 like,crissi.ana
bento_box_lunches,2 likes,alejandra_morse
bentolunchboxmums,null,mzzdeedee83
bento_box_lunches,2 likes,kamimiliandme
bento_box_lunches,null,jemirente
cleaneatmagz,null,mscindytran
bento_lunch_uk,2 likes,little_foodie_olly
bentolunchboxmums,null,jessicaawalsh
pickyhealthylunchbox,null,lunchlifemama
homeschoollunchtime,null,simmeringtava
cleaneatmagz,null,ginnylicious_
kids_food_inspo,1 like,jorjasduallanguageclassroom
bento_box_lunches,null,ortgieskatie
bentolunchboxmums,2 likes,plantpoweredmommy
bento_box_lunches,null,emmyburnsy
moniquecormacknutrition,null,yami530
the_greedy_ginger,1 like,elloragriffin
the_greedy_ginger,1 like,jhs_ceramics
cleaneatmagz,null,cari.fuentes05
the_greedy_ginger,null,samanthajb24
cleaneatmagz,null,reader356
kids_food_inspo,1 like,margaritastorm_bkk
foodfitforkids,1 like,dede8372
es_lunchbox,2 likes,mr.sunshines_plate
lunch_ideasforkids,null,la3iemem
moniquecormacknutrition,null,ivfgotthisbae
lunch_ideasforkids,2 likes,momztries
pascalestable,1 like,pistol_star_altxx
cleaneatmagz,null,maksemmoroz
foodfitforkids,null,pelstudio
lunch_ideasforkids,null,mycutiesfunfoods
familyhomecook,null,catherine1vers
pascalestable,null,anette157
bento_box_lunches,null,j_t_mama
bentolunchboxmums,null,loserfaceloki
pascalestable,null,eihimado
bento_lunch_uk,2 likes,copycatbento
brookes_fun_bento,null,bobora7985
moniquecormacknutrition,null,nou.ak
pickyhealthylunchbox,null,tiffanysuttor
bentolunchboxmums,null,chakkara8102
pickyhealthylunchbox,null,saya_mama_tabetore1530
brookes_fun_bento,null,my.baby.ruby
bentolunchboxmums,null,priscysplace
cleaneatmagz,null,markshaw195
lunch_ideasforkids,null,bec_moses
lunch_ideasforkids,null,bentogram
bento_box_lunches,1 like,beccca_m
bento_lunch_uk,2 likes,littlepeoplebigvision
bento_box_lunches,null,charity_travis2016
the_greedy_ginger,1 like,foodiegxng
bento_lunch_uk,1 like,lunchboxgogreen
pickyhealthylunchbox,null,ladykilmister
familyhomecook,null,mrs_macko
bentoboxforkids,1 like,monimalvicino.w
brookes_fun_bento,null,ninatnsi
kids_food_inspo,null,katerina.paika
es_lunchbox,1 like,britishsausageco
bento_lunch_uk,2 likes,kidslunchboxnotes
bento_lunch_uk,2 likes,lunches_for_pickyeater
moniquecormacknutrition,null,the.original.milliemack
es_lunchbox,2 likes,rose_led_weaning
bentoboxforkids,null,mara_roxiii
bentolunchboxmums,null,evadvu
homeschoollunchtime,null,mela_bonnefourchette
bentoboxforkids,null,leon.gure
moniquecormacknutrition,null,shainamwright
foodfitforkids,null,thecuriousnutritionist
homeschoollunchtime,null,babyliciousrecipes
bento_lunch_uk,1 like,whatsnolanmunchin
lunch_ideasforkids,null,nis2013
bentoboxforkids,1 like,happy.naturalproducts
pascalestable,1 like,mikamaxx
cleaneatmagz,null,spiderladym
foodfitforkids,2 likes,sporkfoods
bentolunchboxmums,1 like,sly_cooper__17
es_lunchbox,1 like,bean_ready_to_wean
lunch_ideasforkids,1 like,simplewhiteplate
es_lunchbox,2 likes,chefgregoryou812
kids_food_inspo,null,stephanypuenter
homeschoollunchtime,null,witchywellnessmama
bentoboxforkids,null,morning.lunchbox
foodfitforkids,null,chocolateandavocados
es_lunchbox,2 likes,celine.sweets5
es_lunchbox,1 like,fortheloveof_lunchboxes
lunch_ideasforkids,null,miss_manda_demanda
bento_box_lunches,1 like,sylviabalogart
moniquecormacknutrition,null,jmdflex1117
pickyhealthylunchbox,null,luncheswithlovsin
bentolunchboxmums,1 like,armandogiordanivaz
bentoboxforkids,1 like,miacavalli
foodfitforkids,null,craftylumberjacks
bento_box_lunches,null,dad_did_it_
the_greedy_ginger,1 like,cookbook_collector
the_greedy_ginger,null,bethrobinsonnn_
cleaneatmagz,null,tivadar.andreea
cleaneatmagz,null,const_vmlle
yummy_umami,null,monicawi28
lunch_ideasforkids,null,bentologist
the_greedy_ginger,null,tomflack94
bentoboxforkids,1 like,rhiskafidi
pascalestable,2 likes,hidemi.namiguchi
bentoboxforkids,null,pooh521
lunch_ideasforkids,null,pickly
foodfitforkids,null,chillvegandude
bentolunchboxmums,1 like,duminucoriccardo
bentoboxforkids,1 like,janice_saya
pascalestable,1 like,moysglutenfreekitchen
foodfitforkids,null,food4thought_llc
the_greedy_ginger,1 like,_dr.zaytseva_
the_greedy_ginger,1 like,tummylovesfood.tt
es_lunchbox,null,charm_nehme
pascalestable,1 like,mii.mee.mii
homeschoollunchtime,null,not.a.dietitian
bentoboxforkids,null,hjey143
lunch_ideasforkids,null,alannamillerr
kids_food_inspo,1 like,christina.smiles
cleaneatmagz,2 likes,bukiswamda
bentolunchboxmums,null,lade007
moniquecormacknutrition,null,nataliemacbiz
pascalestable,2 likes,reverni_s
homeschoollunchtime,2 likes,simplebreakfastfun
homeschoollunchtime,null,casciotheking
familyhomecook,null,crishees
lunch_ideasforkids,null,luluslittlelunches
familyhomecook,null,kjmillar70
homeschoollunchtime,1 like,lunchboxeseveryday
bentolunchboxmums,null,benrii_bento
kids_food_inspo,null,anzik86
lunch_ideasforkids,null,wearemtjl
pascalestable,2 likes,yu.mi9859
yummy_umami,null,tianedran
bentolunchboxmums,null,catherinemaguire69
homeschoollunchtime,null,nolifewithoutspice2021
kids_food_inspo,null,samaneh_ziaei
yummy_umami,1 like,sipitwine
lunch_ideasforkids,null,happykidfood
kids_food_inspo,1 like,chieko_eats
homeschoollunchtime,null,misty_loves_to_cook
es_lunchbox,2 likes,lunchbox.envy
yummy_umami,null,bfrenchak
the_greedy_ginger,null,ritchie450
bentolunchboxmums,null,kristagammage_
bento_box_lunches,2 likes,felicia.busby.98
kids_food_inspo,1 like,ii_marrie
moniquecormacknutrition,null,faycreates
homeschoollunchtime,null,mumsfoodies
yummy_umami,null,brianeatseggs
bento_lunch_uk,2 likes,ibislunch
bento_box_lunches,null,daisy_mallari_miller
the_greedy_ginger,1 like,cheffusion__
es_lunchbox,1 like,easy_familienkueche
bentoboxforkids,2 likes,vaya_life
pascalestable,1 like,jangwoomi
familyhomecook,1 like,foodbyrainny
the_greedy_ginger,1 like,nadgalena
pascalestable,1 like,apin210
lunch_ideasforkids,null,mummytomkins
lunch_ideasforkids,null,ruri.lunchbox
pascalestable,1 like,gorohani
homeschoollunchtime,null,school_lunchbox_inspo
familyhomecook,null,dlicious69
moniquecormacknutrition,null,arabicookie
kids_food_inspo,1 like,kvakvamyau
foodfitforkids,1 like,mrskaylav__
bento_box_lunches,null,sydneyrehm
the_greedy_ginger,1 like,propereats101
bento_box_lunches,null,samanthanunez1026
es_lunchbox,null,1982jaynew
moniquecormacknutrition,null,steph.b_7
bentolunchboxmums,null,tanya.leanne70
cleaneatmagz,null,saralee_2017
lunch_ideasforkids,null,hoogenboomamy
cleaneatmagz,null,jessica.guido
foodfitforkids,null,betterhealthbyheather
lunch_ideasforkids,null,aandobeads
moniquecormacknutrition,1 like,healthybitesfertility
pickyhealthylunchbox,null,chef_shepp
bentoboxforkids,1 like,whatda_fork
cleaneatmagz,null,misslady_t_710
kids_food_inspo,1 like,chefbcreates
bentolunchboxmums,2 likes,matigrimberg_
brookes_fun_bento,2 likes,raising_baby_j
bentoboxforkids,1 like,lunchboxmafia
pascalestable,1 like,kitchen.hy
lunch_ideasforkids,2 likes,the_charcuterie_genie
pickyhealthylunchbox,null,erncrosby
familyhomecook,null,mrs_jess_adams
kids_food_inspo,1 like,cake_skully
pickyhealthylunchbox,null,paigeyh93
yummy_umami,null,melly_santiago88
es_lunchbox,2 likes,joyslittlelunches
brookes_fun_bento,1 like,bentojaponaise
bentoboxforkids,null,angeliqueforess
homeschoollunchtime,null,carre_terras
pascalestable,2 likes,kemarusan
es_lunchbox,2 likes,loremanu2020
es_lunchbox,null,bridey95
the_greedy_ginger,null,chloo31
lunch_ideasforkids,null,emmagiovannoni
bentoboxforkids,1 like,emma_062906
brookes_fun_bento,2 likes,graceful_design_au
bentolunchboxmums,null,brnss__b
bento_box_lunches,null,liliansantizo
foodfitforkids,null,gabbingtogether
bento_lunch_uk,1 like,mamasmithxo
cleaneatmagz,null,kristinasoriano1986
foodfitforkids,null,myrtlesstudio
lunch_ideasforkids,null,rebeccasfoodiefairytale
kids_food_inspo,1 like,todayssandwichrequest
bentolunchboxmums,null,fashionistamummy
kids_food_inspo,null,nanatorres09
pascalestable,2 likes,spicygroceries
es_lunchbox,1 like,alfieraes_escapades
foodfitforkids,null,myssvegan
pascalestable,2 likes,thejujubefruit
lunch_ideasforkids,null,packlunch_for_booandmoo
pascalestable,2 likes,food_art_kids
yummy_umami,1 like,ic_andy
familyhomecook,1 like,its_galloway_
pascalestable,null,dnttang
bentoboxforkids,2 likes,anithakuppu
bento_box_lunches,null,ginav_87
pascalestable,null,ai.kato.123
moniquecormacknutrition,null,brooklyn.k.s
bentoboxforkids,null,alessiacucinato
kids_food_inspo,1 like,mohammadali.eshghi.086
es_lunchbox,null,amelias_amazing_food_journey
bento_box_lunches,1 like,theanswer101010
bentoboxforkids,2 likes,valerieterrell
brookes_fun_bento,1 like,colaciones.de.mama
kids_food_inspo,null,happicoops
homeschoollunchtime,null,bluejoeyz
the_greedy_ginger,1 like,salathongstevenage
yummy_umami,null,thaishaaa
cleaneatmagz,null,i_am_juju_bee
cleaneatmagz,2 likes,vivian_mommylove_fitness
homeschoollunchtime,1 like,michellej_ayne
lunch_ideasforkids,null,melanievlund
the_greedy_ginger,1 like,apollocatsitting
homeschoollunchtime,1 like,the_lunchbunchh
the_greedy_ginger,1 like,jeriinthekitchen
bento_lunch_uk,null,camimi_lala
pascalestable,2 likes,love_bows_and_ribbons
lunch_ideasforkids,2 likes,bento.for.kai
bento_box_lunches,null,bahar_mehmet_
kids_food_inspo,1 like,eviebakes.toddlerchef
bento_box_lunches,1 like,silviasala97
pickyhealthylunchbox,null,chinhei_
the_greedy_ginger,null,lazzaloo
the_greedy_ginger,1 like,laylaypowell
homeschoollunchtime,null,har.moni.sche_versuchung
bentoboxforkids,1 like,shizzlefoto
moniquecormacknutrition,null,kateholman101
the_greedy_ginger,1 like,raziyahhassanali
foodfitforkids,1 like,frantzthesecond
es_lunchbox,null,jojo_zhao87
bento_box_lunches,2 likes,moon_tast._millennials
bentolunchboxmums,null,x0lagunasx0
pickyhealthylunchbox,null,jhessikapilates
cleaneatmagz,null,adhila_babu
bentolunchboxmums,2 likes,vinicixzz_
bento_lunch_uk,1 like,yukizane_mayo
pickyhealthylunchbox,null,lillesult
lunch_ideasforkids,null,yumboxlunch
homeschoollunchtime,null,mil_folhas_neuza
moniquecormacknutrition,null,laurengrace_l
kids_food_inspo,1 like,camp_black_bear
kids_food_inspo,1 like,nasi.healthy.diet
bentolunchboxmums,null,kivi.mano
bentoboxforkids,null,jenny.revy
cleaneatmagz,null,thelastwanderer_123
kids_food_inspo,null,priscillafaye
bento_box_lunches,null,laris_g1
bento_lunch_uk,2 likes,bentokidslunch
lunch_ideasforkids,2 likes,lauren_makes_lunches
familyhomecook,null,aprilw95
bentoboxforkids,1 like,peninahamanda
bento_lunch_uk,2 likes,bento_for_kids
pascalestable,2 likes,foodplanet_kim
the_greedy_ginger,null,sarah_gill13
bento_lunch_uk,1 like,makisbentobox
kids_food_inspo,1 like,sarachemmaa
lunch_ideasforkids,null,my_love2park
bento_box_lunches,null,niifrii
cleaneatmagz,null,minchous
bento_lunch_uk,2 likes,bentomeup
homeschoollunchtime,null,tiaclemons
yummy_umami,null,nodonotonjookoo
pascalestable,2 likes,daddys_lunch.box
es_lunchbox,null,zmb.x
kids_food_inspo,null,klaireaudree
bentolunchboxmums,1 like,helselene369
lunch_ideasforkids,null,jenniferlynncoombs
kids_food_inspo,null,juliet5280
bento_box_lunches,null,spiridoula_kokmotou
cleaneatmagz,null,pee42922
lunch_ideasforkids,2 likes,funkytartines
pickyhealthylunchbox,null,nonochan_no_papa
pickyhealthylunchbox,null,anafiji_
bentolunchboxmums,null,marianne_savva
pickyhealthylunchbox,null,breath.of.spring24
pickyhealthylunchbox,null,tokidokio_bentoo
bentoboxforkids,2 likes,leopopstarwars
pascalestable,2 likes,just.coffeeandcake
bentolunchboxmums,null,14laurie14
pascalestable,2 likes,yatomifarm
yummy_umami,null,tresicastella
pascalestable,1 like,orangeeggs_foodstylist
pickyhealthylunchbox,null,my.twinado.life
homeschoollunchtime,null,x_and_bacon
homeschoollunchtime,null,euphoria76
bentoboxforkids,2 likes,cherylrene_crt
bentoboxforkids,null,mariajannnicolai
the_greedy_ginger,1 like,food_withfriends_
es_lunchbox,2 likes,penelopes_plate
the_greedy_ginger,1 like,anthony.altieri96
kids_food_inspo,null,bondashiha
the_greedy_ginger,1 like,alexandraskirkland
es_lunchbox,1 like,madpakkemaskinen
bento_box_lunches,null,lexidunnells
bentoboxforkids,1 like,_laurabentley_
lunch_ideasforkids,null,whatmaxwelleats
the_greedy_ginger,null,ky__d
lunch_ideasforkids,2 likes,rita_loehr_art
yummy_umami,null,carolyngh
pickyhealthylunchbox,1 like,kitchngiggles
foodfitforkids,null,robyn.moriarty
brookes_fun_bento,2 likes,obento_otto
bentoboxforkids,null,nicitiger22
kids_food_inspo,1 like,weaning_noah_dairyfree
kids_food_inspo,null,maelouise_x
pascalestable,1 like,delight_shop_fukuoka
yummy_umami,null,loli63
bento_box_lunches,null,icefinbear
the_greedy_ginger,1 like,avricicle
bento_box_lunches,null,gemmamorgan82
pascalestable,2 likes,scraps.and.coffee.grounds
kids_food_inspo,1 like,the.zahra.tribe
pascalestable,null,theladyisanerd
yummy_umami,null,unified_truthfamfoods
brookes_fun_bento,2 likes,ecococoon.u.k
brookes_fun_bento,1 like,kathrins_kueche
bento_box_lunches,null,sammrushkk
familyhomecook,null,jessmwilliams_
kids_food_inspo,1 like,laprofeangeliu
bento_lunch_uk,2 likes,_creative_mumma_
pickyhealthylunchbox,1 like,deleukstelunch
brookes_fun_bento,2 likes,chloe.easdown
bento_lunch_uk,null,noggie76
bentolunchboxmums,2 likes,myluvkins
moniquecormacknutrition,null,bump_squad84
foodfitforkids,1 like,melaninvegans
cleaneatmagz,null,biocareme
foodfitforkids,null,cleancutcummins
bentolunchboxmums,1 like,laura_makes_lunches
the_greedy_ginger,null,shannonjewett
bento_lunch_uk,2 likes,obsessed_lunchboxmum
yummy_umami,null,hannahsengg
bento_box_lunches,2 likes,heathercalvaneso_fit
foodfitforkids,null,plantbasedyummies
pascalestable,2 likes,cstsa.shiho
cleaneatmagz,1 like,eatlovemove8
pascalestable,null,misuzu.yoco24
kids_food_inspo,1 like,fairyballerinaparties
bentoboxforkids,2 likes,anibannanii
homeschoollunchtime,null,schepensmarijke
lunch_ideasforkids,null,_mary_grant
cleaneatmagz,null,healthy_food_z23
foodfitforkids,null,laurenginger
cleaneatmagz,null,radiate__kindness
homeschoollunchtime,2 likes,haphazardhomeschool
cleaneatmagz,null,don_chino_ink
cleaneatmagz,null,sbhome_interiors
pickyhealthylunchbox,null,giantiamanda
lunch_ideasforkids,null,aforeffortmama
the_greedy_ginger,1 like,aintnobarista
yummy_umami,null,bkjc_260603
yummy_umami,1 like,njjvicente
yummy_umami,null,jcalbarracin
bento_box_lunches,null,amandax1723
bentoboxforkids,1 like,hafervoll
bento_box_lunches,2 likes,hon_eywhy
brookes_fun_bento,2 likes,fooda_ndsnack
pascalestable,2 likes,brahma_horizon_pushkar
pickyhealthylunchbox,null,aylamarieparry
homeschoollunchtime,null,jkarenannies
homeschoollunchtime,null,naomisophiafitness
homeschoollunchtime,null,a_table_mathieu
brookes_fun_bento,1 like,scoffandlark
homeschoollunchtime,null,yuanabout
homeschoollunchtime,1 like,pratos_do_matheus
pascalestable,null,picturethatfood
moniquecormacknutrition,null,ems1284
cleaneatmagz,null,c_noelle12
kids_food_inspo,null,brarukampasi
bentolunchboxmums,null,emilie.degoue
brookes_fun_bento,2 likes,dragonexpress_food
es_lunchbox,1 like,lunchesbywhitney
bento_lunch_uk,null,ella_louise_1991
bento_lunch_uk,1 like,shaz_kidslunch
pickyhealthylunchbox,null,kie.nz
lunch_ideasforkids,2 likes,mikegola
bento_box_lunches,null,st772004
bentolunchboxmums,null,__yaak13
bentoboxforkids,2 likes,lifesabundance
bento_box_lunches,null,mtam168
the_greedy_ginger,null,ninanschi
the_greedy_ginger,null,niloofarr.ch
foodfitforkids,null,valeriaestradamusic
lunch_ideasforkids,null,ursiandthecupcake
cleaneatmagz,null,sara_isapr
familyhomecook,null,oegstgeest04
cleaneatmagz,null,fitness_four_five
pickyhealthylunchbox,null,kt_in_newzealand
the_greedy_ginger,1 like,thehungryladybird